Feature Barcode name,Feature Barcode sequence,
CD117,AGACTAATAGCTGAC,
Nrp1,GGACTAAGTTTCGTT,
RANKL,TCCGTGTTAGTTTGT,
NKp44,GGGCAATTAGCGAGT,
CD5,CATTAACGGGATGCC,
CD4,GAGGTTAGTGATGGA,
CD7,TGGATTCCCGGACTT,
CD8a,GCTGCGCTTTCCATT,
TCRa/b,CGTAACGTAGAGCGA,
CD94,CTTTCCGGTCCTACA,
CRTH2,TGTTTACGAGAGCCC,
CD161,GTACGCAGTCCTTCT,
KLRG1,CTTATTTCCTGCCCT,
CD56,TTCGCCGCATTGAGT,
CD16,AAGTTCACTCTTTGC,
NKp80,TATAGTTCCTCTGTG,
CD103,GACCTCATTGTGAAT,
CD10,CAGCCATTCATTAGG,
CD49a,ACTGATGGACTCAGA,
CD39,TTACCTGGTATCCGT,
CD69,GTCTCTTGGCTTAAA,
TCRgd,CTTCCGATTCATTCA,
CD133,GTAAGACGCCTATGC,
Flt3,CAGTAGATGGAGCAT,
CD45RA,TCAATCCTTCCGCTT,
CD45RO,CTCCGAATCATGTTG,
CD49b,GCTTTCTTCAGTATG,
CD62L,GTCCCTGCAACTTGA,
CD34,GCAGAAATCTCCCTT,
Anti-PE,TGACCAGTTCCGCAT